cluster,customers,recency,frequency,monetary,segment,customer_pct
1,1221,27.77886977886978,19.034398034398034,10767.885108108108,Champions,0.20772371554950664
0,1462,229.71887824897402,5.030095759233926,1973.3353885088918,Potential Growth,0.24872405580129295
3,1234,28.90194489465154,2.978119935170178,829.528599675851,Low Value,0.20993535216059883
2,1961,396.7348291687914,1.376338602753697,320.86603314635386,At Risk,0.33361687648860155
