k,inertia,silhouette,selected_k
2,8397.181394880961,0.441222884307346,4
3,6151.648972191525,0.3502836145030605,4
4,4706.542431311273,0.37074879879082284,4
5,3930.925252027475,0.34342489076747645,4
6,3371.021041395498,0.33924032076086047,4
7,3014.5154038313035,0.30848614128811175,4
8,2725.2894597129202,0.30417890670526426,4
