,count,mean,std,min,25%,50%,75%,max
quantity,793609.0,13.44690017376315,144.69315125883847,1.0,2.0,6.0,12.0,80995.0
price,793609.0,3.2168208500659654,29.41646515802224,0.001,1.25,1.95,3.75,10953.5
amount,793609.0,22.284853924287653,225.7085938597062,0.001,4.95,12.48,19.799999999999997,168469.6
