{
  "best_model": {
    "model_key": "xgboost",
    "model": "XGBoost"
  },
  "cross_validation": [
    {
      "model_key": "random_forest",
      "model": "Random Forest",
      "cv_roc_auc_mean": 0.8442536883142575,
      "cv_roc_auc_std": 0.010029109822854407,
      "cv_f1_mean": 0.6323647472489694,
      "cv_f1_std": 0.015561748514496973,
      "cv_precision_mean": 0.5918998566889876,
      "cv_precision_std": 0.023260403738054863,
      "cv_recall_mean": 0.679598662207358,
      "cv_recall_std": 0.01943256059710226,
      "cv_average_precision_mean": 0.6442055553965009,
      "cv_average_precision_std": 0.017258972750331843
    },
    {
      "model_key": "logistic_regression",
      "model": "Logistic Regression",
      "cv_roc_auc_mean": 0.8426253549564056,
      "cv_roc_auc_std": 0.013243808419436209,
      "cv_f1_mean": 0.6180492746236743,
      "cv_f1_std": 0.026899783401515744,
      "cv_precision_mean": 0.6270726452573485,
      "cv_precision_std": 0.020021876344600165,
      "cv_recall_mean": 0.6100334448160536,
      "cv_recall_std": 0.03863419151356162,
      "cv_average_precision_mean": 0.6552804435919868,
      "cv_average_precision_std": 0.018961952675881414
    },
    {
      "model_key": "xgboost",
      "model": "XGBoost",
      "cv_roc_auc_mean": 0.8396920356035912,
      "cv_roc_auc_std": 0.009416241868970738,
      "cv_f1_mean": 0.5953844648595301,
      "cv_f1_std": 0.01431526185270482,
      "cv_precision_mean": 0.6361929619783837,
      "cv_precision_std": 0.01975665728807297,
      "cv_recall_mean": 0.5605351170568562,
      "cv_recall_std": 0.02612979931053463,
      "cv_average_precision_mean": 0.6534548629187856,
      "cv_average_precision_std": 0.020722968538292554
    },
    {
      "model_key": "hist_gradient_boosting",
      "model": "HistGradientBoosting",
      "cv_roc_auc_mean": 0.8326324098825545,
      "cv_roc_auc_std": 0.006647597964430442,
      "cv_f1_mean": 0.5741279469004652,
      "cv_f1_std": 0.021659813305571044,
      "cv_precision_mean": 0.615315817982587,
      "cv_precision_std": 0.025254380093352145,
      "cv_recall_mean": 0.5384615384615385,
      "cv_recall_std": 0.023554270049042137,
      "cv_average_precision_mean": 0.6387577229500299,
      "cv_average_precision_std": 0.014128039069746003
    }
  ],
  "test_results": [
    {
      "model_key": "xgboost",
      "model": "XGBoost",
      "threshold": 0.5,
      "accuracy": 0.7899219304471257,
      "roc_auc": 0.8385995504921335,
      "precision": 0.6174698795180723,
      "recall": 0.5481283422459893,
      "f1": 0.5807365439093485,
      "pr_auc": 0.6515498780565435,
      "classification_report": {
        "No Churn": {
          "precision": 0.8430826369545033,
          "recall": 0.8772946859903382,
          "f1-score": 0.8598484848484849,
          "support": 1035
        },
        "Churn": {
          "precision": 0.6174698795180723,
          "recall": 0.5481283422459893,
          "f1-score": 0.5807365439093485,
          "support": 374
        },
        "accuracy": 0.7899219304471257,
        "macro avg": {
          "precision": 0.7302762582362878,
          "recall": 0.7127115141181637,
          "f1-score": 0.7202925143789167,
          "support": 1409
        },
        "weighted avg": {
          "precision": 0.7831967808287223,
          "recall": 0.7899219304471257,
          "f1-score": 0.7857619937830221,
          "support": 1409
        }
      }
    },
    {
      "model_key": "random_forest",
      "model": "Random Forest",
      "threshold": 0.5,
      "accuracy": 0.7743080198722498,
      "roc_auc": 0.836948771603503,
      "precision": 0.5633484162895928,
      "recall": 0.6657754010695187,
      "f1": 0.6102941176470588,
      "pr_auc": 0.626933113078644,
      "classification_report": {
        "No Churn": {
          "precision": 0.8707342295760083,
          "recall": 0.8135265700483092,
          "f1-score": 0.8411588411588412,
          "support": 1035
        },
        "Churn": {
          "precision": 0.5633484162895928,
          "recall": 0.6657754010695187,
          "f1-score": 0.6102941176470588,
          "support": 374
        },
        "accuracy": 0.7743080198722498,
        "macro avg": {
          "precision": 0.7170413229328005,
          "recall": 0.739650985558914,
          "f1-score": 0.72572647940295,
          "support": 1409
        },
        "weighted avg": {
          "precision": 0.7891428213651358,
          "recall": 0.7743080198722498,
          "f1-score": 0.7798789216461324,
          "support": 1409
        }
      }
    },
    {
      "model_key": "logistic_regression",
      "model": "Logistic Regression",
      "threshold": 0.5,
      "accuracy": 0.78708303761533,
      "roc_auc": 0.8364514712340799,
      "precision": 0.6005434782608695,
      "recall": 0.5909090909090909,
      "f1": 0.5956873315363881,
      "pr_auc": 0.6192573215365009,
      "classification_report": {
        "No Churn": {
          "precision": 0.8530259365994236,
          "recall": 0.8579710144927536,
          "f1-score": 0.8554913294797687,
          "support": 1035
        },
        "Churn": {
          "precision": 0.6005434782608695,
          "recall": 0.5909090909090909,
          "f1-score": 0.5956873315363881,
          "support": 374
        },
        "accuracy": 0.78708303761533,
        "macro avg": {
          "precision": 0.7267847074301466,
          "recall": 0.7244400527009223,
          "f1-score": 0.7255893305080784,
          "support": 1409
        },
        "weighted avg": {
          "precision": 0.7860078816536329,
          "recall": 0.78708303761533,
          "f1-score": 0.7865298708347549,
          "support": 1409
        }
      }
    },
    {
      "model_key": "hist_gradient_boosting",
      "model": "HistGradientBoosting",
      "threshold": 0.5,
      "accuracy": 0.7899219304471257,
      "roc_auc": 0.8307577049265029,
      "precision": 0.6153846153846154,
      "recall": 0.5561497326203209,
      "f1": 0.5842696629213484,
      "pr_auc": 0.6354642363190145,
      "classification_report": {
        "No Churn": {
          "precision": 0.8450046685340803,
          "recall": 0.8743961352657005,
          "f1-score": 0.8594491927825262,
          "support": 1035
        },
        "Churn": {
          "precision": 0.6153846153846154,
          "recall": 0.5561497326203209,
          "f1-score": 0.5842696629213484,
          "support": 374
        },
        "accuracy": 0.7899219304471257,
        "macro avg": {
          "precision": 0.7301946419593479,
          "recall": 0.7152729339430106,
          "f1-score": 0.7218594278519372,
          "support": 1409
        },
        "weighted avg": {
          "precision": 0.7840551299408227,
          "recall": 0.7899219304471257,
          "f1-score": 0.7864065070706167,
          "support": 1409
        }
      }
    }
  ],
  "tuned_threshold_result": {
    "model_key": "xgboost",
    "model": "XGBoost (Tuned Threshold)",
    "threshold": 0.3211875259876251,
    "accuracy": 0.7636621717530163,
    "roc_auc": 0.8355912061794415,
    "precision": 0.5402750491159135,
    "recall": 0.7352941176470589,
    "f1": 0.622876557191393,
    "pr_auc": 0.6456824546008529,
    "classification_report": {
      "No Churn": {
        "precision": 0.89,
        "recall": 0.7739130434782608,
        "f1-score": 0.8279069767441859,
        "support": 1035
      },
      "Churn": {
        "precision": 0.5402750491159135,
        "recall": 0.7352941176470589,
        "f1-score": 0.622876557191393,
        "support": 374
      },
      "accuracy": 0.7636621717530163,
      "macro avg": {
        "precision": 0.7151375245579568,
        "recall": 0.7546035805626599,