model_key,model,cv_roc_auc_mean,cv_roc_auc_std,cv_f1_mean,cv_f1_std,cv_precision_mean,cv_precision_std,cv_recall_mean,cv_recall_std,cv_average_precision_mean,cv_average_precision_std
random_forest,Random Forest,0.8442536883142575,0.010029109822854407,0.6323647472489694,0.015561748514496973,0.5918998566889876,0.023260403738054863,0.679598662207358,0.01943256059710226,0.6442055553965009,0.017258972750331843
logistic_regression,Logistic Regression,0.8426253549564056,0.013243808419436209,0.6180492746236743,0.026899783401515744,0.6270726452573485,0.020021876344600165,0.6100334448160536,0.03863419151356162,0.6552804435919868,0.018961952675881414
xgboost,XGBoost,0.8396920356035912,0.009416241868970738,0.5953844648595301,0.01431526185270482,0.6361929619783837,0.01975665728807297,0.5605351170568562,0.02612979931053463,0.6534548629187856,0.020722968538292554
hist_gradient_boosting,HistGradientBoosting,0.8326324098825545,0.006647597964430442,0.5741279469004652,0.021659813305571044,0.615315817982587,0.025254380093352145,0.5384615384615385,0.023554270049042137,0.6387577229500299,0.014128039069746003
