label,population_size,crossover_rate,mutation_rate,generations_run,best_length
pop80_mut005,80,0.9,0.05,999,8389.266228668106
pop200_mut005,200,0.9,0.05,633,7056.64430203523
pop120_mut002,120,0.9,0.02,873,8174.592033021124
pop120_mut010,120,0.9,0.1,803,7898.232686337684
