alpha,iterations,best_length
0.85,17600,8070.639338631629
0.92,34200,8636.960713694814
0.99,283000,6771.39658236999
